{
  "training_completed": true,
  "total_epochs": 20,
  "best_validation_accuracy": 0.7897800776196636,
  "final_train_loss": 0.1184975009635123,
  "final_val_loss": 0.992884809562134,
  "final_train_acc": 0.9620089221470716,
  "final_val_acc": 0.7897800776196636,
  "training_history": {
    "train_losses": [
      2.296303813689766,
      1.5364339335013815,
      1.1971877020268942,
      0.950155498964664,
      0.7660606607187908,
      0.6289721252095152,
      0.5088591629488894,
      0.4111446800000686,
      0.3493145530790644,
      0.2944636408554288,
      0.26771570530053024,
      0.22709763547142112,
      0.2036957009492426,
      0.17987684732908002,
      0.16540878612088683,
      0.15751408778129936,
      0.14475538809233593,
      0.13800781265765338,
      0.13115086065408807,
      0.1184975009635123
    ],
    "val_losses": [
      1.6124155741151216,
      1.278509740070723,
      1.1339533598888738,
      1.003462504446121,
      0.9455559151909793,
      0.8990947932660348,
      0.9032364867405934,
      0.8915210185623107,
      0.8924375054984321,
      0.907856015876456,
      0.9075421286604691,
      0.9182221611135218,
      0.9294400520015503,
      0.9377254121400714,
      0.9383074510336539,
      0.9537914592247423,
      1.0005992376480497,
      1.0138135614321793,
      1.015702691991822,
      0.992884809562134
    ],
    "train_accs": [
      0.35443948769607136,
      0.5399338034249532,
      0.628579651748453,
      0.7038422794646712,
      0.7588142178730752,
      0.7987480212980285,
      0.8340048927903295,
      0.8646567851489423,
      0.8846596632609008,
      0.9029356741977262,
      0.913872499640236,
      0.9250251834796374,
      0.9313570297884588,
      0.9420779968340769,
      0.9438768168081738,
      0.949776946323212,
      0.9535184918693337,
      0.9536623974672614,
      0.9577637070082026,
      0.9620089221470716
    ],
    "val_accs": [
      0.4974126778783959,
      0.6028460543337646,
      0.6313065976714101,
      0.6908150064683053,
      0.7108667529107374,
      0.7289780077619664,
      0.740620957309185,
      0.7451487710219923,
      0.7529107373868047,
      0.7529107373868047,
      0.7684346701164295,
      0.7703751617076326,
      0.7703751617076326,
      0.7749029754204398,
      0.7839586028460543,
      0.7781371280724451,
      0.7736093143596378,
      0.7807244501940491,
      0.7871927554980596,
      0.7897800776196636
    ]
  },
  "timestamp": "2025-10-21T15:44:25.343998"
}