{
  "train_loss": [
    0.18760563628428817,
    0.18629333474840834,
    0.17706737358389493,
    0.17463644349674048,
    0.16820951297633283
  ],
  "val_loss": [
    0.17684614969362905,
    0.18840611540496463,
    0.18422572308837423,
    0.15953580616645613,
    0.15597188042989157
  ],
  "val_acc": [
    0.957753240518483,
    0.9563130100816131,
    0.957753240518483,
    0.957753240518483,
    0.957753240518483
  ],
  "val_f1": [
    0.0,
    0.0,
    0.0,
    0.0,
    0.0
  ]
}