{
  "training_completed": true,
  "total_epochs": 20,
  "best_validation_accuracy": 0.7897800776196636,
  "final_train_loss": 0.10207029769259025,
  "final_val_loss": 0.9443402832270362,
  "final_train_acc": 0.9674053820693626,
  "final_val_acc": 0.7897800776196636,
  "training_history": {
    "train_losses": [
      2.3038232022179925,
      1.5290990488909015,
      1.1820294928217916,
      0.9493958434710007,
      0.7623474082083543,
      0.6155963851352582,
      0.4993654165718775,
      0.40789649782978143,
      0.35048774935081034,
      0.3017940193753497,
      0.25872317938637196,
      0.221199395146571,
      0.19961199060174642,
      0.1812220231397647,
      0.15272638005933448,
      0.16530766899583965,
      0.14564359109489022,
      0.13703576348221272,
      0.11983505687489408,
      0.10207029769259025
    ],
    "val_losses": [
      1.6184727306662063,
      1.2956595363006247,
      1.133568921264979,
      1.0103719587622146,
      0.9497197950487766,
      0.9043129769673168,
      0.9161627060537351,
      0.8849944836070899,
      0.9045304668751601,
      0.9500313981847035,
      0.9081364393928226,
      0.9227214293870087,
      0.9198831594410566,
      0.9687426003686515,
      0.9563707878757726,
      0.9683039611082568,
      0.9815302434947251,
      1.01713807157989,
      0.991160941636732,
      0.9443402832270362
    ],
    "train_accs": [
      0.34702834940279176,
      0.546049791336883,
      0.6440495035256871,
      0.7016836954957548,
      0.7580946898834364,
      0.8015541804576198,
      0.8373147215426681,
      0.8673190387106059,
      0.8842998992660814,
      0.900705137429846,
      0.9169664699956829,
      0.9268959562526983,
      0.9314289825874227,
      0.9425097136278601,
      0.9490574183335732,
      0.9466829759677652,
      0.9538782558641531,
      0.9561087926320334,
      0.9584832349978414,
      0.9674053820693626
    ],
    "val_accs": [
      0.4961190168175938,
      0.6009055627425615,
      0.6507115135834411,
      0.6901681759379042,
      0.7134540750323415,
      0.7309184993531694,
      0.7438551099611902,
      0.7548512289780077,
      0.7567917205692108,
      0.7567917205692108,
      0.7613195342820182,
      0.7690815006468306,
      0.7658473479948253,
      0.7723156532988357,
      0.7839586028460543,
      0.7826649417852523,
      0.7820181112548512,
      0.7749029754204398,
      0.7839586028460543,
      0.7897800776196636
    ]
  },
  "timestamp": "2025-10-21T13:10:19.888095"
}