{
  "train_loss": [
    0.1891980606931728,
    0.16997266380755618,
    0.1622110194787919,
    0.1529439521703587,
    0.15526327337948287,
    0.14673597538056285,
    0.14090482469544074,
    0.1370850748743135,
    0.13722382292491977,
    0.13084321323588294,
    0.1277794568743864,
    0.12216609757341573,
    0.12643962817875903,
    0.1223251070790986,
    0.12229102808056723,
    0.11700378140340821,
    0.11487598752778716,
    0.11358794982431175,
    0.11217771396167037,
    0.10414690720985502
  ],
  "val_loss": [
    0.16530415890948508,
    0.1603546649400025,
    0.15860405216638251,
    0.18992914034092134,
    0.16512287593036676,
    0.13630169760963406,
    0.13106426578041916,
    0.12116036401722675,
    0.13210293039700988,
    0.1195358509878327,
    0.11709733073435548,
    0.12700248910968143,
    0.11725822903047774,
    0.12355459762081697,
    0.13031280420781383,
    0.11702031682616978,
    0.11155681696237993,
    0.11088375595545345,
    0.10648696201455976,
    0.10908667615378312
  ],
  "val_acc": [
    0.957753240518483,
    0.957753240518483,
    0.957753240518483,
    0.957753240518483,
    0.957273163706193,
    0.9591934709553529,
    0.9567930868939031,
    0.9587133941430629,
    0.957753240518483,
    0.957753240518483,
    0.9620739318290926,
    0.9587133941430629,
    0.9620739318290926,
    0.9630340854536726,
    0.9591934709553529,
    0.9582333173307729,
    0.9644743158905424,
    0.9673547767642823,
    0.9644743158905424,
    0.9673547767642823
  ],
  "val_f1": [
    0.0,
    0.0,
    0.0,
    0.0,
    0.008035805367435223,
    0.004344937614260706,
    0.021289341937259666,
    0.0021600546996610364,
    0.0,
    0.0009310580601987228,
    0.014875365997351965,
    0.0032945131360877884,
    0.011168263112574203,
    0.017717361093564445,
    0.017717361093564445,
    0.024630479067014998,
    0.01910817618930917,
    0.02219301593686431,
    0.01838078707977892,
    0.024074501270852686
  ]
}